,#ID,TITULO,SUBTITULO,AUTOR,EDITORA,EDICAO,ANO,N_PAGINAS,LIDO,IDIOMA,,
,001,Churchill,Visionário. Estadista. Historiador,John Lukacs,Jorge Zahar Editor,1,2002,177,N,POR,,1
,003,O Homem que sabia demais,Alan Turing e a Invenção do Computador,David Leavitt,Novo Conceito,1,2007,221,N,POR,,2
,004,Mein Kampf: A História do Livro,,Antoine Vitkine,Nova Fronteira,1,2010,227,S,POR,,3
,005,Inovadores em Ação,As estratégias das empresas que estão redefinindo seus mercados e criando vínculos originais com seus clientes,William C. Taylor e Polly LaBarre,Sextante,1,2008,266,S,POR,,4
,007,Code Breakers,The inside story of Bletchey Park,F. H. Hinsley & Alan Stripp,Oxford,1,1993,321,N,ING,,5
,008,Winston Churchill: Vidas históricas,,Stuart Ball,Nova Fronteira,1,2006,249,S,POR,,6
,011,A Cabeça de Steve Jobs,As lições do líder da empresa mais revolucionária do mundo,Leander Kahney,Agir,2,2009,286,S,POR,,7
,013,Hitler em Argentina,,Abel Basti,,3,2009,414,S,ESP,,8
,014,Band of Brothers,Companhia de Heróis,Stephen E. Ambrose,Bertrand Brasil,6,2009,390,S,POR,,9
,015,Senta a Pua!,,Rui Moreira Lima,Incaer,2,1989,465,S,POR,,10
,016,O livro dos códigos,A ciência do sigilo – do antigo Egito à criptografia quântica,Simon Singh,Record,7,2008,446,S,POR,,11
,023,15 Minutos Alemão,,Sylvia Goulding,PubliFolha,2,2009,160,S,POR,,12
,024,Dutch,Phrasebooks,,Lonely planet,1,2007,256,N,ING/HOL,,13
,026,Liderança,,Jim Selman,Pearson Prentice Hall,1,2010,132,S,POR,,14
,027,A Arte da Guerra para Provas e Concursos,,William Douglas,Campus Concursos,4,2009,115,S,POR,,15
,028,Israel e a paz no Oriente Médio,Uma luz no fim do túnel?,Henrique Rattner,Nobel,1,2008,141,S,POR,,16
,029,Elite da Tropa,,"Luiz Eduardo Soares, André Batista, Rodrigo Pimentel",Objetiva,1,2006,315,S,POR,,17
,030,Elite da Tropa 2,A História além do filme,"Luiz Eduardo Soares, Cláudio Ferraz, André Batista, Rodrigo Pimentel",Nova Fronteira,1,2010,297,S,POR,,18
,031,Minidicionário Português – Espanhol / Espanhol – Português,,,Ciranda Cultural,,,347,N,POR/ESP,,19
,032,Melhoramentos dicionário espanhol português-espanhol espanhol-português,,,Melhoramentos,2,2009,215,N,POR/ESP,,20
,033,Melhoramentos Minidicionário da Língua Portuguesa,,,Melhoramentos,1,1997,570,N,POR,,21
,034,Michaelis: Dicionário Escolar Alemão Alemão-Português/Português-Alemão,,Alfred J. Keller,Melhoramentos,1,2002,631,N,POR/ALE,,22
,035,Explicando a Regra Universal da Pronúncia Inglesa,,Fábio Braga de Alencar,,1,2010,40,N,POR,,23
,036,UML,Guia do Usuário,"Grady Booch, James Rumbaugh, Ivar Jacobson",Campus,2,2005,474,N,POR,,24
,037,Organização Estruturada de Computadores,,Andrew S. Tanenbaum,Pearson Prentice Hall,5,2007,449,N,POR,,25
,040,A Incrível Viagem de Shackleton,A mais extraordinária aventura de todos os tempos,Alfred Lansing,Sextante,1,2004,352,S,POR,,26
,041,Implantando a Governança de TI,Da estratégia à gestão dos processos e serviços,"Aguinaldo Aragon Fernandes, Vladimir Ferraz de Abreu",Brasport,2,2008,444,N,POR,,27
,042,Raciocínio Lógico para Concursos,Teoria e questões,Fabrício Mariano,Campus Concursos,3,2010,352,N,POR,,28
,043,mini Aurélio,O minidicionário da língua português,Aurélio Buarque de Holanda Ferreira,Nova Fronteira,4,2001,790,N,POR,,29
,044,Enigmas e mistérios da Segunda Guerra Mundial,"Desaparições, mortes e acontecimentos ainda sem explicação do maior conflito bélico da História",Jesús Hernández,Madras,3,2009,240,S,POR,,30
,045,A Arte da Guerra,Por uma estratégia perfeita,Sun Tzu,Madras,1,2009,123,S,POR,,31
,046,História e Arte São Petersburgo e os Arredores,,,,1,2011,150,N,POR,,32
,048,Rumo ao Polo Sul,A trágica história de Robert Falcon Scott,Diana Preston,Editora 34,1,1999,383,S,POR,,33
,050,A Última Expedição,A dramática corrida pela conquista do Polo Sul,Robert Falcon Scott,Alegro,1,2002,580,N,POR,,34
,051,Os Soldados judeus de Hitler,A História que não foi contada das leis raciais nazistas e de homens de ascendência judia nas forças armadas alemãs,Bryan Mark Rigg,Imago,1,2003,457,S,POR,,35
,054,Guia Quatro Rodas Rodoviário 2009,,,Abril,1,2009,123,N,POR,,36
,055,Tangram Aktuell 1,Lektion 1-4,Max Hueber Verlag,Hueber,1,2006,143,N,POR,,37
,059,Turing e o Computador em 90 minutos,,Paul Strathern,JORGE ZAHAR EDITOR,1,2000,89,S,POR,,38
,060,Minidicionário Gama Kury da Língua Portugues,,Adriano da Gama Cury,FTD,1,2002,1184,N,POR,,39
,062,Cambridge Learners Dictionary,,,Cambridge University Press,1,2001,767,N,ING,,40
,063,15 Minutos Espanhol,,Ana Bremon,PubliFolha,2,2010,160,S,POR/ESP,,41
,064,King Solomons Mines,,H. Rider Haggard,Penguin Popular Classics,1,1994,298,N,ING,,42
,066,Enigma,,Robert Harris,Ballantine Books,1,1996,372,N,ING,,43
,071,Os Segredos da mente milionária,,T. Harv Eker,Sextante,1,2006,176,S,POR,,44
,072,O Monge e o Executivo,Uma História sobre a Essência da Liderança,James C. Hunter,Sextante,1,2004,139,S,POR,,45
,074,Tempo de esperança,24 Horas para você renovar suas energias,Mark Finley,Casa Publicadora Brasileira,1,2009,111,N,POR,,46
,076,Palavras que não passarão,,Nilson da Silva,RiMa,1,2009,118,N,POR,,47
,080,História do Brasil,,Nelson Piletti,Ática,14,1996,431,S,POR,,48
,085,O Diário de Anne Frank,edição definitiva por Otto H. Frank e Mirjam Pressler,,Bestbolso,12,2010,373,S,POR,,49
,086,Easy Play Partituras Facilitadas,As melhores músicas do Cinema,,,1,1990,54,N,POR,,50
,087,Easy ABC Music for Eletronic Keyboards,Michael Jackson Greatest Hits,,,,,64,N,ING,,51
,088,Wizard Deutsch 1,,,Wizard Brasil Franchising,,,80,S,POR/ALE,,52
,089,The Police Anthology,Piano – Vocal – Guitar,,Hal-Leonard,,,136,N,ING,,53
,092,Sistemas de Banco de Dados,Fundamentos e Aplicações,Elmasri & Navathe,LTC,3,2000,837,N,POR,,54
,093,Java Como Programar,,H. M. Deitel & P. J. Deitel,Bookman,4,2003,1386,N,POR,,55
,095,Engenharia de Software,,Roger S. Pressman,McGrawHill,6,2006,720,S,POR,,56
,096,Sistemas Operacionais com Java,,Silberschatz – Galvin – Gagne,Campus,6,2004,670,N,POR,,57
,097,Ciência da Computação,Uma Visão Abrangente,J. Glenn Brookshear,Bookman,5,2000,449,N,POR,,58
,099,Engenharia de Software,,Roger S. Pressman,Makron Books,3,1995,1056,S,POR,,59
,100,C Completo e Total,,Herbert Schildt,Makron Books,3,1996,827,N,POR,,60
,101,Easy Play Partituras Facilitadas,Guilherme Arantes,,,1,1990,37,N,POR,,61
,102,Bernardinho,Transformando Suor em Ouro,Bernardinho,Sextante,1,2006,215,S,POR,,62
,103,Leitura Dinâmica,"Como Multiplica a Velocidade, a Compreensão e a Retenção da Leitura",Ricardo Soares & William Douglas,Campus Concursos,13,2010,187,S,POR,,63
,104,Gerência de Projetos,Guia para o exame oficial do PMI,Kim Heldman,Campus,3,2006,529,N,POR,,64
,105,Redes de Computadores e Internet,,Douglas E. Comer,Bookman,4,2007,632,N,POR,,65
,110,"Coleção 70º aniversário da 2ª Guerra Mundial, v.1",1919 a 1939 – Hitler desafia a ordem mundial,,Abril Coleções,1,2009,144,N,POR,,66
,111,"Coleção 70º aniversário da 2ª Guerra Mundial, v.2",1939 – A Alemanha domina a Polônia,,Abril Coleções,1,2009,144,N,POR,,67
,112,"Coleção 70º aniversário da 2ª Guerra Mundial, v.3",1939 – Finlândia contra URSS: guerra na neve,,Abril Coleções,1,2009,144,N,POR,,68
,113,"Coleção 70º aniversário da 2ª Guerra Mundial, v.4",1940 – Dinamarca e Noruega alimentam a máquina de guerra alemã,,Abril Coleções,1,2009,144,N,POR,,69
,114,"Coleção 70º aniversário da 2ª Guerra Mundial, v.5",1940 – A queda dos países baixos,,Abril Coleções,1,2009,144,N,POR,,70
,115,"Coleção 70º aniversário da 2ª Guerra Mundial, v.6",1940 – Terra invadida: A França de Joelhos,,Abril Coleções,1,2009,144,N,POR,,71
,116,"Coleção 70º aniversário da 2ª Guerra Mundial, v.7",1939 a 1943 – Pânico no mar: a Guerra no Atlântico,,Abril Coleções,1,2009,144,N,POR,,72
,117,"Coleção 70º aniversário da 2ª Guerra Mundial, v.8",1940 a 1941 – Mussolini sonha com um novo império,,Abril Coleções,1,2009,144,N,POR,,73
,118,"Coleção 70º aniversário da 2ª Guerra Mundial, v.9","Julho e Agosto de 1940 – Sangue, suor e lágrimas: a Inglaterra resiste",,Abril Coleções,1,2009,144,N,POR,,74
,119,"Coleção 70º aniversário da 2ª Guerra Mundial, v.10",1940 a 1941 – A guerra chega aos Bálcãs,,Abril Coleções,1,2009,144,N,POR,,75
,120,"Coleção 70º aniversário da 2ª Guerra Mundial, v.11",1941 – Operação Barbarossa: Hitler e Stálin em duelo de morte,,Abril Coleções,1,2009,144,N,POR,,76
,121,"Coleção 70º aniversário da 2ª Guerra Mundial, v.12",7 de Dezembro de 1941 – Pearl Harbor em chamas: EUA entram na guerra,,Abril Coleções,1,2009,144,N,POR,,77
,122,"Coleção 70º aniversário da 2ª Guerra Mundial, v.13",1941 – Japão estende seus tentáculos pelo Pacífico,,Abril Coleções,1,2009,144,N,POR,,78
,123,"Coleção 70º aniversário da 2ª Guerra Mundial, v.14",1942 – As batalhas do mar de Coral e de Midway,,Abril Coleções,1,2009,144,N,POR,,79
,124,"Coleção 70º aniversário da 2ª Guerra Mundial, v.15",1942 a 1943 – O contra-ataque aliado no Pacífico,,Abril Coleções,1,2009,144,N,POR,,80
,125,"Coleção 70º aniversário da 2ª Guerra Mundial, v.16",1942 – A Muralha do Atlântico: a lição do assalto a Dieppe,,Abril Coleções,1,2009,144,N,POR,,81
,126,"Coleção 70º aniversário da 2ª Guerra Mundial, v.17",1942 a 1943 – Stalingrado detém avanço nazista no Leste,,Abril Coleções,1,2009,144,N,POR,,82
,127,"Coleção 70º aniversário da 2ª Guerra Mundial, v.18",1941 a 1943 – Alemanha dá adeus ao Norte da África,,Abril Coleções,1,2009,144,N,POR,,83
,128,"Coleção 70º aniversário da 2ª Guerra Mundial, v.19",1943 – Hora da virada: Aliados desembarcam na Itália,,Abril Coleções,1,2009,144,N,POR,,84
,129,"Coleção 70º aniversário da 2ª Guerra Mundial, v.20",1942 – A ofensiva aérea contra a Alemanha,,Abril Coleções,1,2009,144,N,POR,,85
,130,"Coleção 70º aniversário da 2ª Guerra Mundial, v.21",1943 – Batalha de Kursk marca colapso do nazismo,,Abril Coleções,1,2009,144,N,POR,,86
,131,"Coleção 70º aniversário da 2ª Guerra Mundial, v.22",1944 – A Batalho de Monte Cassino,,Abril Coleções,1,2009,144,N,POR,,87
,132,"Coleção 70º aniversário da 2ª Guerra Mundial, v.23",6 de junho de 1944 – Desembarque na Normandia: o mais longo dos dias,,Abril Coleções,1,2009,144,N,POR,,88
,133,"Coleção 70º aniversário da 2ª Guerra Mundial, v.24",1944 – Onda aliada liberta Filipinas,,Abril Coleções,1,2009,144,N,POR,,89
,134,"Coleção 70º aniversário da 2ª Guerra Mundial, v.25",1944 – O vento da liberdade varre a Polônia,,Abril Coleções,1,2009,144,N,POR,,90
,135,"Coleção 70º aniversário da 2ª Guerra Mundial, v.26",1944 – Operação Market Garden: uma ponte longe demais,,Abril Coleções,1,2009,144,N,POR,,91
,136,"Coleção 70º aniversário da 2ª Guerra Mundial, v.27",1944 – Batalha das Ardenas: a última chance para a Wehrmacht,,Abril Coleções,1,2009,144,N,POR,,92
,137,"Coleção 70º aniversário da 2ª Guerra Mundial, v.28",1945 – A queda de Berlim e o fim da guerra na Europa,,Abril Coleções,1,2009,144,N,POR,,93
,138,"Coleção 70º aniversário da 2ª Guerra Mundial, v.29",1945 – Embate encarniçado em Iwo Jima e Okinawa,,Abril Coleções,1,2009,144,N,POR,,94
,139,"Coleção 70º aniversário da 2ª Guerra Mundial, v.30",6 a 9 de Agosto de 1945 – O Japão curva-se diante do poder atômico,,Abril Coleções,1,2009,144,N,POR,,95
,142,Milagre nos Andes,72 dias na montanha e minha longa volta para casa,"Nando Parrado, Vince Rause",Ponto de Leitura,,,374,S,POR,,97
,143,À Espera de um milagre,,Stephen King,Ponto de Leitura,,,499,N,POR,,98
,144,JK,O Artista do impossível,Cláudio Bojunga,Ponto de Leitura,,,1062,N,POR,,99
,145,Nascido para vencer!,,Luís Augusto Símon e Marcelo Prado,Leitura, ,,250,N,POR,,100
,147,O Piloto de Hitler,,C. G. SWEETING ,JARDIM DOS LIVROS,1,2011,440,S,POR,,101
,148,Um ato de liberdade,OS GUERRILHEIROS BIELSKI,"TEC, NECHAMA",RECORD,1,2009,470,N,POR,,102
,149,Fuga de Sobibor,,"RASHKE, RICHARD",8INVERSO,1,2011,384,N,POR,,103
,150,DICIONARIO LAROUSSE ESPANHOL - PORTUGUES MINI C/CD,,LAROUSSE EDITORIAL,LAROUSSE DO BRASIL,3,2010,385,N,POR/ESP,,104
,160,MENTES BRILHANTES,COMO DESENVOLVER TODO O POTENCIAL DO SEU CEREBRO,ALBERTO DELLISOLA,UNIVERSO DOS LIVROS,1,2012,206,N,POR,,106
,161,Hitler,Retrato de Uma Tirania,Fernando Jorge,Geração Editorial,1,2012,328,S,POR,,107
,166,Tempo de Esperas,,Padre Fábio de Melo,Planeta do Brasil,1,2011,160,S,POR,,108
,168,São Bernardo,,Graciliano Ramos,Record,91,2011,270,S,POR,,109
,170,Viver Bem Aqui e Agora,A força do instante presente,Olivier Ninge & Simonne Mortera,Editora Vozes,,2011,95,S,POR,,110
,172,Mentes Ansiosas,Medo e Ansiedade além dos limites,Ana Beatriz Barbosa Silva,Fontanar,1,2011,205,S,POR,,111
,173,"Gramática da Língua Portuguesa Para Concursos, Vestibulares, ENEM, Colégios Técnicos e Militares...",,Nilson Teixeira de Almeida,Saraiva,9,2009,555,N,POR,,112
,175,"Estácio, Bom de bola",Náutico Campeão de 1934,Carlos Saldanha Maranhão,,1,2011,32,S,POR,,114
,176,O Poder do marido que ora,,Stormie Omartian,Mundo Cristão,27,2012,190,N,POR,,115
,177,Argo,Como a CIA e Hollywood realizaram o mais estranho resgate da história,Antonio Mendez & Matt Baglio,Intríseca,,2012,256,S,POR,,116
,178,Historia de Chile,Desde la invasión incaica hasta nuestros días (1500 - 2000),Armando de Ramón,Catalonia,7,2012,316,N,ESP,,117
,179,Como construir um casamento duradouro,Lições de casais da Bíblia,Ruth & Elmer Towns,Central Gospel,1,2012,224,N,POR,,118
,180,Las Armas Secretas de Hitler,,,Galas Ediciones,1,2010,280,N,ESP,,119
,181,Grandes Gestores Excelentes Comunicadores,Comunicação eficaz na gestão estratégica de pessoas em ambientes corporativos,Cristiano Arcoverde,Comunicação eficaz produções,1,2013,76,S,POR,,120
,182,Vou ministrar a palavra E agora,Dicas de como preparar seu sermão e transmitir a mensagem nos padrões da oratória,Cristiano Arcoverde,Comunicação eficaz produções,1,2014,177,S,POR,,121
,183,Como lidar com as emoções,"Culpa, ansiedade, angústia, medo depressão",Ellen G. White,Casa Publicadora Brasileira,1,2006,64,N,POR,,122
,184,O fator barnabé,,Abe Huber,,,,94,S,POR,,123
,185,O purê de batatas,Segredos para uma comunhão nutritiva e frutífera no ambiente da célula,Abe Huber,,,2009,80,S,POR,,124
,186,Bíblia Sagrada,Com guia de estudo Bíblia Fácil,,Sociedade Bíblica do Brasil,,2013,896,N,POR,,125
,187,O Homem em três dimensões,"Volume 1 da Série Espírito, Alma e Corpo",Kenneth E. Hagin,Graça Editora,,2013,51,S,POR,,126
,189,Em seus passos o que faria Jesus?,,Charles Sheldon,Mundo Cristão,,2008,278,S,POR,,127
,190,Levante-se e ore,Um guia para a mulher que busca comunhão constante com Deus,Sheila Walsh,Thomas Nelson Brasil,,2013,214,N,POR,,128
,191,Baú de Lágrimas,O diário secreto do holocausto,Nonna Bannister,Novo Século,,2013,303,S,POR,,129
,192,Novos limiares da Fé,26 lições da fé,Kenneth E. Hagin,,,,115,N,POR,,130
,193,Verdades Objetivas,Justiça,Bernard W. Snelgrove,Editora Verdade Viva,,,34,N,POR,,131
,194,Os dons espirituais,,Dave Roberson,Ministério Verdade Viva,,,82,N,POR,,132
,195,Em seu coração,,Bernard W. Snelgrove,,2,2003,59,N,POR,,133
,196,Liberdade e Compromisso,,Bernard W. Snelgrove,Editora Verdade Viva,1,2000,134,N,POR,,134
,197,Viva com esperança,24 horas para você renovar suas energias,Mark Finley,Casa Publicadora Brasileira,1,2009,111,N,POR,,135
,198,Ministrando à sua família,Uma coleção de Sermões de Kenneth E. Hagin e Kenneth Hagin Jr.,Kenneth E. Hagin e Kenneth Hagin Jr.,,,1994,60,N,POR,,136
,199,Sinais de Esperança,Uma leitura surpreendente dos acontecimentos atuais,Alejandro Bullón,Casa Publicadora Brasileira,1,2013,110,N,POR,,137
,200,No deserto da tentação,Os primeiros e decisivos lances da vitória sobre o pecado,Ellen G. White,Casa Publicadora Brasileira,6,2012,79,N,POR,,138
,201,Conhecer Jesus é Tudo,,Alejandro Bullón,Casa Publicadora Brasileira,37,2014,96,N,POR,,139
,209,Um discípulo refletindo o ensino do mestre,,Walter Nather Jr.,Willem Books,1,2012,150,S,POR,,142
,210,Google Android,Aprenda a criar aplicações para dispositivos móveis com o Android SDK,Ricardo R. Lecheta,Novatec,3,2013,821,N,POR,,143
,211,Chile Souvenir,,,Editora Kactus,,,64,N,ESP,,144
,213,The Mary Kay Way,O estilo de liderança de uma das maiores empreendedoras Norte-Americanas,Mary Kay Ash,CLA Editora,,2013,287,S,POR,,146
,214,A Sombra do Vento,,Carlos Ruiz Zafón,Suma de Letras,,2001,399,N,POR,,147
,216,Os crimes de Stalin,A trajetória assassina do Czar Vermelho,Nigel Cawthorne,Madras,,2012,246,S,POR,,148
,217,Sonhos não têm limites,A trajetória do professor que se tornou um dos maiores empreendores do Brasil,Ignácio de Loyola Brandão,Gente Editora,,2013,240,S,POR,,149
,218,A Cabana,,William P. Young,Arqueiro,,2008,240,S,POR,,150
,222,A tempestade a cobra e a ilha,Entendendo as lutas da vida,Lúcio Barreto Jr,Editora Basileia ,1,2011,48,S,POR,,151
,223,Jogos mortais e + 51 esboços de sermões surtados,,Davi Lago e Lúcio Barreto Jr,Editora Basileia ,1,2010,154,N,POR,,152
,224,Loucos por Jesus Volume 1,Cristãos que marcaram o mundo,Lúcio Barreto Jr,Editora Central Gospel,1,2012,112,S,POR,,153
,225,100 dicas para pregadores loucos por Jesus,,Lúcio Barreto Jr,,1,2009,64,N,POR,,154
,226,Johnny esta noite pedirão sua alma,,Lúcio Barreto Jr,Editora Central Gospel,1,2012,88,S,POR,,155
,227,Sábias prioridades,Ha valores que não passam com o tempo,Perilo Borba,,1,2014,146,S,POR,,156
,228,Arquivos secretos do ministério loucos por Jesus,,Lúcio Barreto Jr & Davi Lago,Editora Basileia,1,2011,44,N,POR,,157
,229,Milagres que acontecem,Almeje grandes coisas e grandes coisas vão acontecer,Mary Kay Ash,,3,,196,N,POR,,158
,230,Daniel Segredos da profecia,Descubra como a profecia nos habilita a enfrentar o futuro com confiança,Arilton Oliveira,Casa Publicadora Brasileira,1,2013,208,S,POR,,159
,232,O inconsciente e sua influência na relação conjugal,,Sandra Santos,Livro Rápido,1,2014,88,S,POR,,161
,233,Deus está aqui,,Max Lucado,Mundo Cristão,1,2013,185,N,POR,,162
,234,Os Dez mandamentos,Princípios divinos para melhorar seus relacionamentos,Loron Wade,Casa Publicadora Brasileira,2,2013,95,N,POR,,163
,235,O Deus de toda graça,Piadas cristãs para tirar você do sério,Lúcio Barreto Jr,Editora Basileia,1,2011,64,N,POR,,164
,236,Critérios práticos de um líder de célula,O passo a passo para se tornar um líder de célula bem-sucedido,Elvis Oliveira,Premius Editora,1,2010,72,S,POR,,165
,238,Faça Guerra,Treinando os loucos por Jesus no exército de Deus,Lúcio Barreto Jr & Richarde Guerra,Editora Basileia,1,2013,108,S,POR,,166
,239,Em seus passos o que faria Jesus?,Versão resumida e moderna,Charles M. Sheldon,,1,2007,92,N,POR,,167
,240,Provas da sua conversão,,Lúcio Barreto Jr,,1,2014,52,S,POR,,168
,241,Loucos por Jesus Volume 2,Cristãos que marcaram o mundo,Lúcio Barreto Jr,Editora Basileia,1,2006,128,S,POR,,169
,244,Os Maias (*),Coleção Grandes Obras,Eça de Queirós,Editora Escala,,,253,N,POR,,170
,245,Guia Turístico de Belo Horizonte,,,Belotur,,2012,160,N,POR/ESP_ING,,171
,246,Guia Quatro Rodas Minas Gerais,"Belo Horizonte, Ouro Preto, Tiradentes, Serra do Cipó",,Editora Abril,,2012,178,N,POR,,172
,248,Nova Bíblia Viva,,,Mundo Cristão,1,2010,1040,S,POR,,173
,249,Bíblia Sagrada,Nova Tradução na Linguagem de Hoje,,Sociedade Bíblica Brasileira,,2003,864,N,POR,,174
,252,Guia Quatro Rodas Brasil 2011,,,Abril,,2011,950,N,POR,,175
,253,Steps Basic Dictionary,,Victoria Keller,IBEP,,,253,N,ING/POR,,176
,254,Direito Administrativo,"Teoria, Jurisprudência e 1000 Questões",Elias Freire,Campus,6,2006,624,N,POR,,177
,255,História Moderna e Contemporânea,,Alceu Luiz Pazzinato & Maria Helena Valente Senise,Ática,8,1995,420,N,POR,,178
,257,First Certificate Gold coursebook,,Richard Acklam with Sally Burgess,Longman,,2000,208,N,ING,,179
,258,Wizard University,Speech W8,,,,,142,S,ING,,180
,259,Wizard University,Graduation W10,,,,,150,S,ING,,181
,260,Wizard University,Book 5,,,,,,S,ING,,182
,261,Wizard University,Book 6,,,,,,S,ING,,183
,262,Wizard University,Certification W12,,,,,231,S,ING,,184
,263,Você está preparado?,,Billy Graham,MC,,,254,S,POR,,185
,264,História da Igreja Cristã,,Jesse Lyman Hurlbut,Vida Acadêmica,,,303,S,POR,,186
,265,"Bom dia, Espírito Santo",A busca por um relacionamento profundo com o Pai e o Filho,Benny Hinn,Thomas Nelson Brasil,,,240,N,POR,,187
,266,Jesus está ao seu lado,Aprenda a desfrutar da presença de Deus,Sarah Young,MC,,,224,N,POR,,188
,267,Escolha o Amor,E mude o curso de sua vida,Stormie Omartian,MC,,,298,N,POR,,189
,268,Deus é Vermelho,A história secreta de como o cristianismo sobreviveu e floresceu na China comunista,Liao Yiwu,MC,,,229,S,POR,,190
,269,O fim da memória,Interronpendo o ciclo destrutivo das lembranças dolorosas,Miroslav Volf,MC,,,255,N,POR,,191
,270,Deus não está morto 2,Argumentos e respostas para as principais questões sobre o filho de Deus,Rice Broocks,Thomas Nelson Brasil,,,254,N,POR,,192
,271,Servos de Deus,Espiritualidade e teologia na história da igreja,Franklin Ferreira,Fiel Editora,,,474,N,POR,,193
,272,O Poder Verdadeiro,Manual prático para reconstrução emocional,Paulo Vieira,Premius Editora,2,2015,280,N,POR,,194
,273,Laranja mecânica,,Anthony Burgess,Editora Aleph,18,2014,200,N,POR,,195
,275,Iniciação musical,Bases epistemológicas dos doze centros tonais,Nilton Pereira da Cunha,Editora Universidade UFPE,2,2009,121,N,POR,,196
,276,O futuro da Humanidade,,Augusto Cury,Arqueiro,,2005,255,N,POR,,197
,278,Compreendendo o caráter de Deus,,Janio Cesar,Orvalho.com,2,2016,167,N,POR,,198
,279,Sete coisas que roubam sua alegria,,Joyce Meyer,Bello  Publicações,1,2016,236,S,POR,,199
,280,Amor - o Caminho para a vitória,,Kenneth E. Hagin,Graça Editorial,,2010,296,S,POR,,200
,281,Princípios para ser bem-sucedido,,Janio Cesar,Adhonep,1,2018,70,S,POR,,201
,282,Marcados pelo sangue,,Janio Cesar,Orvalho.com,2,2018,80,S,POR,,202
,283,Delmiro Gouveia,Desenvolvimento com impulso de preservação ambiental,Frederico Pernambuco de Mello,Massangana,2,1998,104,S,POR,,203
,284,A ponte invisível,,Julie Orringer,Companhia das Letras,,2012,725,N,POR,,204
,285,Fator de enriquecimento,Uma fórmula simples e poderosa que vai te enriquecer e fazer você atingir seus objetivos,Paulo Vieira,Gente Editora,,2016,264,N,POR,,205
,286,"Eu, líder eficaz",,Paulo Vieira,JCS Editora,7,2008,132,N,POR,,206
,287,O poder da ação,,Paulo Vieira,Gente Editora,,2015,255,N,POR,,207
,288,Bíblia de Estudo do Expositor,,Jimmy Swaggart,Ministério Jimmy Swaggart,,2015,2452,N,POR,,208
,289,Em busca de Timóteo,,Tony Cooke,Rhema Brasil,1,2014,326,S,POR,,209
,290,Mantendo o coração puro,,Fernandes Oliveira,Babecco,1,2017,82,S,POR,,210
,292,Rhema 1B (Gleyci),,,,,,,N,POR,,211
,293,Rhema 2B (Gleyci),,,,,,,N,POR,,212
,294,Olga,"A vida de Olga Benario Prestes, judia comunista entregue a Hitler pelo Governo Vargas.",Fernando Morais,Companhia das Letras,,,,N,POR,,213
,295,70 x 7,Compreendendo as Escrituras,Assuero Seixas,,,,,S,POR,,214
,298,Construindo o céu em casa,,Josué Gonçalves,Thomas Nelson Brasil,,2013,160,S,POR,,216
,299,Tratado de Geriatria e Gerontologia,,,,,,,N,POR,,217
,300,A respeito dos dons espirituais,26 Lições sobre o Espírito Santo e seus dons,Kenneth E. Hagin,,,,,S,POR,,218
,301,A Arte da intercessão,Manual de Como Intercedor,Kenneth E. Hagin,,,,,S,POR,,219
,302,Como obter resposta à sua oração,Entendendo os diferentes tipos de oração e como elas funcionam,Kenneth E. Hagin,,,,,S,POR,,220
,303,A grande esperança,Viva com a certeza de que tudo vai terminar bem,Ellen G. White,,1,2011,110,S,POR,,221
,304,O poder da esperança,O segredo do bem-estar emocional,,Julián Melgosa e Michelson Borges,,,96,S,POR,,222
,305,O Ministério de um profeta,,Kenneth E. Hagin,,,,48,S,POR,,223
,306,Segredos da Oração,,Kenneth E. Hagin,,,,52,N,POR,,224
,307,A fé real,,Kenneth E. Hagin,,,,46,N,POR,,225
,308,Sou de Jesus! E agora?,,Jorge Linhares,,,,60,S,POR,,226
,309,Você nunca estará só,,Bud Wright,Coleção Legado Bud Wright,,,54,S,POR,,227
,310,Vencedor,O evangelho de João - The gospel of John com testemunhos de grandes atletas,,,,,202,N,POR/ING,,228
,311,Pais ausentes...pai Presente!,,Walter Nather Jr.,Willën books,,,230,S,POR,,229
,312,Benção e maldição,,Jorge Linhares,Getsêmani,,,52,S,POR,,230
,313,Graça: O DNA de Deus,,Tony Cooke,,,,380,N,POR,,231
,314,Reconstruindo o destruído,,Jorge Linhares,,,,,S,POR,,232
,315,Os vícios e suas consequências,,Jorge Linhares,Getsêmani,,,59,S,POR,,233
,316,Ciúmes,,Jorge Linhares,,,,,S,POR,,234
,317,Feche a porta! O diabo quer entrar,,Jorge Linhares,,,,,S,POR,,235
,318,Quatro maldições que podem ser evitadas,,Jorge Linhares,,,,56,S,POR,,236
,319,Rhema 1A,,,,,,,N,POR,,237
,320,"Anauá, o segredo da amizade",,,,,,,N,POR,,238
,321,Carros,,,Disney Pixar,,,,S,POR,,239
,322,"Onze mentiras do Diabo,",,Jorge Linhares,,,,,S,POR,,240
,323,Bons Filhos Futuro Garantido,,Jorge Linhares,,,,,S,POR,,241
,324,O Lugar de Jesus,Onde Ele deve estar na hora da tempestade?,Jedida Ferro,CCS Gráfica e Editora,,2017,123,S,POR,,242
,325,O toque de Midas,Uma abordagem equilibrada para a prosperidade bíblica,Kenneth E. Hagin,Graça Editorial,,2014,240,S,POR,,243
,326,Bíblia Sagrada ,Um guia de estudos,,,,,,N,POR,,244
,327,Rhema 2A  (Gleyci),,,,,,,N,POR,,245
,328,Os Incríveis,Aventuras Disney/Pixar,,,,,,S,POR,,246
,329,Clássicos da Bíblia - Milagres de Jesus/Ressurreição de Jesus,,,,,,,N,POR,,247
,330,Clássicos da Bíblia - Josué/Gideão,,,,,,,N,POR,,248
,331,Clássicos da Bíblia - Abraão/Esaú e Jacó,,,,,,,N,POR,,249
,332,Clássicos da Bíblia - A Criação/O Dilúvio,,,,,,,N,POR,,250
,333,Clássicos da Bíblia - Davi/Salomão,,,,,,,S,POR,,251
,334,Clássicos da Bíblia - Daniel e seus amigos/Jonas,,,,,,,S,POR,,252
,335,Clássicos da Bíblia - Nascimento de Jesus/João Batista,,,,,,,N,POR,,253
,336,Clássicos da Bíblia - Parábolas de Jesus/Jesus,,,,,,,N,POR,,254
,337,Clássicos da Bíblia - Atos dos Apóstolos/Paulo,,,,,,,N,POR,,255
,338,Clássicos da Bíblia - José/Moisés,,,,,,,N,POR,,256
,339,Livres da Armagura,,Cristiano Arcoverde,,,2018,142,S,POR,,257
,340,A Inteligência Saudável,,,Coleção EI,,,,N,POR,,258
,341,A beleza da diversidade!!!,,,Coleção EI,,,,N,POR,,259
,342,A Inteligência Saudável Parte 2,,,Coleção EI,,,,N,POR,,260
,343,A Olimpíada da Inteligência,,,Coleção EI,,,,N,POR,,261
,344,A Olimpíada da Inteligência Parte 2,,,Coleção EI,,,,N,POR,,262
,345,Ajudar os outros é muito bom!,,,Coleção EI,,,,N,POR,,263
,346,Enfrentando o consumismo!!!,,,Coleção EI,,,,N,POR,,264
,347,Somos todos especiais!,,,Coleção EI,,,,N,POR,,265
,348,Superando o medo!,,,Coleção EI,,,,N,POR,,266
,349,Desfrutar do que a vida tem de mais velo é muito bom!,,,Coleção EI,,,,N,POR,,267
,350,Aprender é muito bom!,,,Coleção EI,,,,N,POR,,268
,351,Como é gostoso aprender!,,,Coleção EI,,,,N,POR,,269
,352,As minhas e as suas características!,,,Coleção EI,,,,N,POR,,270
,353,Aprendendo a se comunicar!,,,Coleção EI,,,,N,POR,,271
,354,Aprendendo a perceber a necessidade do outro!,,,Coleção EI,,,,N,POR,,272
,355,Em Família - Desenvolvendo inteligência socioemocional,,,Coleção EI,,,,N,POR,,273
,356,Rhema - Material Didático  1B,,,Rhema Brasil Publicações,,2019,,N,POR,,274
,357,Rhema - Material Didático 2B,,,Rhema Brasil Publicações,,2019,,N,POR,,275
,358,Diga Sim,Experimente uma vida tão plena e profunda que você jamais voltará atrás,Rick Renner,Rhema Brasil Publicações,,,276,N,POR,,276
,359,Realidades da nova criação,,E. W. Kenyon,Rhema Brasil Publicações,,,347,S,POR,,277
,361,Como andar em Amor,,Kenneth E. Hagin,,,,52,S,POR,,278
,362,ZOE: A própria vida de Deus,,Kenneth E. Hagin,,,,86,S,POR,,279
,363,"Redimidos - Da miséria, da endermidade e da morte - Kenneth E. Hagin - 47",,Kenneth E. Hagin,,,,47,S,POR,,280
,364,Receba a cura por meio da Bíblia - Treze lições sobre a cura divina - Kenneth E. Hagin - 80,,Kenneth E. Hagin,,,,80,S,POR,,281
,365,A Cura de Cristo Como recebê-la - Os sete passos para a libertação da endermidade e do pecado -  - 78,,T. L. Osborn,,,,78,S,POR,,282
,366,"Jesus, aquele que cura",Multidões foram curadas enquanto liam este livro,E. W. Kenyon,,,,120,S,POR,,283
,367,Receba a sua cura,Volume 5,Bud Wright,,,,60,S,POR,,284
,368,Curando os enfermos,Um clássico sobre a cura divina para todos,T. L. Osborn,,,,390,N,POR,,285
,369,A unção da cura,,Kenneth E. Hagin,,,,240,N,POR,,286
,370,Receba a cura,,T. L. Osborn,,,,52,S,POR,,287
,371,O poder criativo de Deus para a cura,,Charles Capps,,,,60,S,POR,,288
,372,Curso de Estudo Cura Bíblica,,Kenneth E. Hagin,,,,170,N,POR,,289
,373,El Espíritu de libertad - libro dos,,,Wizard,,,80,S,ESP,,290
,374,Seu nome é amor,,Max Lucado,,,2012,112,N,POR,,291
,375,Nunca desista dos seus sonhos,,Augusto Cury,Sextante,,2004,160,N,POR,,292
,376,Não volte para casa do mesmo jeito,,Josué Gonçalves,,,,127,N,POR,,293
,377,A família que Deus sonhou ,A solução de Deus pafra as crises familiares,Josué Gonçalves,Mensagem para Todos,,,104,N,POR,,294
,378,"Jesus, o maior psicólogo que já existiu",,Mark W. Baker,Sextante,,,192,S,POR,,295
,379,A maravilhosa Graça de Deus,,Silas Malafaia,Editora Central Gospel,,,59,S,POR,,296
,380,O poder da oração transformadora,7 Orações que vão mudar sua vida,Stormie Omartian,Mundo Cristão,,,125,S,POR,,297
,381,Um exemplo de fé a ser seguido,,Silas Malafaia,Editora Central Gospel,,,59,S,POR,,298
,382,O mundo jaz no maligno,,Walter Nather Jr,Willem Books,2,,206,S,POR,,299
,383,Por que os homens amam as mulheres poderosas,,Sherry Argov,Sextante,,,190,N,POR,,300
,384,"1889 – Como Um Imperador Cansado, Um Marechal Vaidoso e Um Professor Injustiçado",,Laurentino Gomes,,,2014,416,N,POR,,301
,385,Bom dia!,Leituras diárias com Stormie Omartian,,,,2012,384,N,POR,,302
,386,Compreendendo a Unção,,Kenneth E. Hagin,,,2007,208,N,POR,,303
,387,Uma nova Unção,Você É uma Cisterna Vazia Ou uma Represa Cheia?,Kenneth E. Hagin,Graça Editorial,1,2004,140,S,POR,,304
,388,Línguas: Depois do Dia de Pentecostes,,Kenneth E. Hagin,,,,307,S,POR,,305
,389,O Espírito dentro de nós e o Espírito sobre nós,,Kenneth E. Hagin,,,,177,S,POR,,306
,390,O Homem mais inteligente da História,,Augusto Cury,Sextante,,,272,N,POR,,307
,391,O livro de Ouro dos Mistérios da Antiguidade,Os maiores enigmas da História da Humanidade,,Ediouro,2,,559,N,POR,,308
,392,O Melhor Desta Terra,Volume 6,Bud Wright,Rhema Brasil Publicações,,,66,S,POR,,309
,393,"Pais Brilhantes, Professores Fascinantes ",,Augusto Cury,Sextante,,,176,N,POR,,310
,394,Conversa franca sobre solidão,,Joyce Meyer,,,,135,S,POR,,311
,395,Não fale negativo,volume 2,Bud Wright,Rhema Brasil publicações,,,70,S,POR,,312
,396,Ha ha ha uma vida de alegria,volume 3,Bud Wright,Rhema Brasil publicações,,,62,S,POR,,313
,397,"Oh, happy day",volume 4,Bud Wright,Rhema Brasil publicações,,,68,S,POR,,314
,398,Oração eficaz,volume 7,Bud Wright,Rhema Brasil publicações,,,55,S,POR,,315
,399,A Viagem do Descobrimento,Um Olhar Sobre A Expedição de Cabral - Col. Brasilis,Eduardo Bueno,,1,2016,128,N,POR,,316
,400,Você é insubstituível,,Augusto Cury,,,,112,S,POR,,317
,401,Super Alimentos,,,,,,,S,POR,,318
,402,Sete passos vitais para receber o Espirito Santo,,Kenneth E. Hagin,Graça Editorial,1,2002,48,S,POR,,319
,403,O Deus de todos os momentos,,Silas Malafaia,Editora Central Gospel,,2003,64,S,POR,,320
,404,O Poder dos 10 Mandamentos,O roteiro bíblico para uma vida melhor,William Douglas,Mundo Cristão,1,2013,204,N,POR,,321
,405,Beleza em vez de cinzas,,Joyce Meyer,,,,266,N,POR,,322
,406,Um melhor concerto,,Kenneth E. Hagin,Graça Editorial,,2008,54,S,POR,,323
,407,A imposição de mãos,,Kenneth E. Hagin,Graça Editorial,,2012,58,S,POR,,324
,408,Os dons e os chamados de Deus,,Kenneth E. Hagin,Graça Editorial,,2008,47,S,POR,,325
,409,Fui ao inferno,,Kenneth E. Hagin,Graça Editorial,,2013,50,S,POR,,326
,410,Princípios absolutos para a vida de um músico cristão,,Daniel Souza,Frutos do Espírito,,2013,70,S,POR,,327
,411,Sete passos para julgar a profecia,,Kenneth E. Hagin,Graça Editorial,2,2013,48,S,POR,,328
,412,Cinco impedimentos ao crescimento na Graça,,Kenneth E. Hagin,Rhema Brasil Publicações,2,2017,35,S,POR,,329
,413,Guia para o jejum equilibrado,,Kenneth E. Hagin,Graça Editorial,3,2013,56,S,POR,,330
,414,El Shaddai,O Deus mais que suficiente,Kenneth E. Hagin,Graça Editorial,1,2011,56,S,POR,,331
,415,A Revelação de Paulo: O Evangelho da Reconciliação,,Kenneth E. Hagin,Rhema Brasil Publicações,,,43,S,POR,,332
,416,Como ser um sucesso na vida,,Kenneth W. Hagin,Graça Editorial,,,52,S,POR,,333
,417,Sinais dos Tempos,,Kenneth E. Hagin,Graça Editorial,,,50,S,POR,,334
,418,O dom da profecia,,Kenneth E. Hagin,Graça Editorial,2,2010,47,S,POR,,335
,419,Pedras Preciosas do Grego 1 - Verão,,Rick Renner,Rhema Brasil Publicações,,,346,N,POR,,336
,420,Pedras Preciosas do Grego 1 - Outono,,Rick Renner,Rhema Brasil Publicações,,,636,N,POR,,337
,421,Pedras Preciosas do Grego 1 - Primavera,,Rick Renner,Rhema Brasil Publicações,,,639,N,POR,,338
,422,Pedras Preciosas do Grego 1 - Inverno,,Rick Renner,Rhema Brasil Publicações,,,496,N,POR,,339
,423,Ushuaia,,Simon Potter,Rhema Brasil Publicações,,,109,S,POR,,340
,424,O sistema da verdade de Paulo,A vida e os ensinamentos do apóstolo Paulo,Mark hankins,Rhema Brasil Publicações,,,207,S,POR,,341
,425,Como ser dirigido pelo espírito de Deus,Edição expandida com novo material,Kenneth E. Hagin,Rhema Brasil Publicações,,,242,S,POR,,342
,426,Ivan,A história de um soldado russo que se recusou a negar sua fé cristã,Myrna Grant,Editora Betânia,,,168,S,POR,,343
,427,Cristianismo Puro e simples,,C.S. Lewis,Thomas Nelson Brasil,,,286,S,POR,,344
,428,Doze homens extraordinariamente comuns,Como os apóstolos foram moldados para alcançar o sucesso em sua missão,,Thomas Nelson Brasil,,,222,S,POR,,345
,429,Doze mulheres extraordinariamente comuns,Como Deus usou as mulheres da Bíblia e como ele pode usar você,,Thomas Nelson Brasil,,,221,N,POR,,346
,430,Uma mente moderada e disciplinada,"Viva livre de preocupação, medo, depressão e dúvida",Nancy Dufresne,Rhema Brasil Publicações,1,2016,134,S,POR,,347
,431,Uma vida com propósito,Você não está aqui por acaso,Rick Warren,Editora Vida,2,2008,294,N,POR,,348
,432,Dois tipos de justiça,A mensagem mais importante já oferecida à igreja,E. W. Kenyon,Rhema Brasil Publicações,1,2019,155,N,POR,,349
,433,A linhagem de um campeão,O poder do sangue de Jesus,Mark Hankins,Rhema Brasil Publicações,1,2019,285,N,POR,,350
,434,Sudoku - O livro oficial,100 jogos inéditos e desafiadores,,Ediouro,1,2005,176,N,POR,,351
,435,12 Semanas para mudar uma vida,,Augusto Cury,Academia,2,2007,254,N,POR,,352
,436,Uma mulher segundo o coração de Deus,,Elizabeth George,United Press,1,2001,271,N,POR,,353
,437,São Pedro,Um homem à procura de Deus,Dag Tessore,Paulinas,1,2013,221,S,POR,,354
,440,Totalmente Pago,Uma análise profunda dos momentos decisivos da Paixão de Cristo,,Rhema Brasil Publicações,1,2018,324,N,POR,,355
,441,Mary Kay on People Management,,Mary Kay Ash,,,2019,239,N,POR,,356
,442,Diário de Oração de um Jesus Freak,,,,2,2018,394,N,POR,,357
,443,365 desenhos para colorir,,,Culturama,,2016,368,N,POR,,358
,445,Material Didático Rhema 1A,,,Rhema Brasil Publicações,,2019,351,N,POR,,359
,446,Material Didático Rhema 2A,,,Rhema Brasil Publicações,,2019,375,N,POR,,360
,447,Bíblia King James 1611,Ultrafina,,bvbooks,,2015,728,S,POR,,361
,448,Bíblia do Discípulo RA,,,Luz e Vida,2,1999,896,N,POR,,362
,449,Você vai sair dessa!,Deus está ao seu lado mesmo quando os problemas parecem nãp ter solução,Max Lucado,Thomas Nelson Brasil,,2013,205,N,POR,,363
,450,Segredos para uma poderosa oração,Descobrindo as linguagens do coração,,Lynne Hammond/Patsy Cameneti,1,2016,211,S,POR,,364
,451,Expedição Raiz,As histórias de uma viagem de 24 mil km ao redor do Brasil em busca de raízes,,Otávio Lino/Marcio Sanches,1,2020,200,S,POR,,365
,452,Arrependimento,"O que é, o que não é e como lidar com Ele",Rick Renner,Rhema Brasil Publicações,1,2019,64,S,POR,,366
,453,Conhecendo o Pai,,David Emigh,Rhema Brasil Publicações,1,2020,56,S,POR,,367
,454,O poder secreto da alegria,,Mark Hankins,Rhema Brasil Publicações,1,2019,180,N,POR,,368
,455,Bíblia Ilustrada Infantil,As histórias do livro de Deus para crianças,,Geográfica Editora,3,2019,400,N,POR,,369
,456,Bíblia em Ação,A história da salvação do mundo,,Geográfica Editora,3,2019,752,N,POR,,370
,457,Fale bem e surpreenda,,Cristiano Arcoverde,Cristiano Arcoverde Comunicações e Treinamentos,1,2019,124,S,POR,,371
,458,Espinho na carne,Dúvidas e explicações,T. L. Osborn,Graça Editorial,2,2014,56,S,POR,,372
,459,A luz da vida no espírito do homem,,Charles Capps,Rhema Brasil Publicações,1,2017,55,S,POR,,373
,460,Seu lugar no time dos sonhos de Deus,Formando Campeões,Tony Cooke,Rhema Brasil Publicações,1,2017,210,N,POR,,374
,461,Atravessando as tempestades,O socorro que vem do céy quando o inferno se levanta,Tony Cooke,Rhema Brasil Publicações,1,2016,198,S,POR,,375
,462,O maravilhoso nome de Jesus,O livro que tem mudado a vida de oração de multidões,E. W. Kenyon,Rhema Brasil Publicações,2,2015,123,N,POR,,376
,463,Onde está Deus durante a minha tempestade?,Encontre uma âncora nas águas turbulentas da vida,Kenneth W. Hagin,Graça Editorial,1,2015,164,S,POR,,377
,464,O extraordinário crescimento da fé,,Kenneth E. Hagin,Graça Editorial,2,2013,120,N,POR,,378
,465,A maior esperança,Prepare-se para uma nova vida,Luís Gonçalves/Diogo Cavalcanti,Casa Publicadora Brasileira,1,2019,80,S,POR,,379
,466,Bíblia Sagrada,Almeida Revista e Atualizada,,Sociedade Bíblica do Brasil,2,1999,896,N,POR,,380
,467,História da Igreja Cristã,,Abraão de Almeida,Graça Editorial,,2009,304,S,POR,,381
,468,Histórias de um Beija Flor,,Alexandre Lopes,,1,2020,76,S,POR,,382
,469,A Vida de Jesus em Quadrinhos,"A história de Jesus Cristo -  vida, obra e ensinamento - como você nunca viu antes",,Sociedade Bíblica do Brasil,,2017,136,N,POR,,383
,470,Depressão,O que todo CRISTÃO precisa saber,Dr. Ismael Sobrinho,Vida,1,2019,214,S,POR,,384
,471,Temperamentos transformados,Como Deus pode transformar as falhas do seu temperamento,Tim LaHaye,Mundo Cristão,2,2008,183,S,POR,,385
,472,A Chave para o sobrenatural,,Kenneth W. Hagin,Graça Editorial,2,2017,48,S,POR,,386
,473,Espíritos Sedutores E Doutrinas De Demônios,,Rick Renner,Rhema Brasil Publicações,1,2019,216,S,POR,,387
,474,A Raiz da Rejeição,Escapando da escravidão da rejeição e experimentando a liberdade da aceitação de Deus,Joyce Meyer,Bello Publicações,1,2015,128,S,POR,,388
,475,O que Deus me ensinou sobre prosperidade,,Kenneth E. Hagin,Rhema Brasil Publicações,1,2020,32,S,POR,,389
,476,Aprendendo a esquecer,Como perdoar à madeira de Deus,Kenneth W. Hagin,Rhema Brasil Publicações,1,2020,47,S,POR,,390
,477,Revertendo situações sem esperança,,Kenneth E. Hagin,Rhema Brasil Publicações,1,2020,56,S,POR,,391
,478,A fé que opera pelo amor,,Kenneth W. Hagin,Rhema Brasil Publicações,1,2020,47,S,POR,,392
,479,Como flechas,Preparando e projetando os filhos para o propósito divino,Luciano & Kelly Subirá,Vida,1,2021,238,S,POR,,393
,480,O fim da ansiedade,O segredo bíblico para livrar-se das preocupaçoes,Max Lucado,Thomas Nelson Brasil,1,2017,240,S,POR,,394
,481,Reset,Vivendo no ritmo da graça em uma cultura estressada,David Murray,Fiel Editora,,2018,220,S,POR,,395
,482,O homem do céu,A história emocionante de um cristão chinês que levou sua fé às últimas consequências,Irmão Yun com Paul Hattaway,Editoria Betânia,1,2005,336,S,POR,,396
,483,Refresh,Vivendo no ritmo da graça em um mundo acelerado,Shona & David Murray,Fiel Editora,,2019,211,S,POR,,397
,484,O refúgio secreto,,Corrie Ten Boom com Elizabeth e John Sherril,,1,2016,322,S,POR,,398
,485,Campo de Batalha da Mente,Vencendo a batalha em sua mente,Joyce Meyer,Bello Publicações,3,2018,272,S,POR,,399
,486,Como fazer o sonho que o Senhor lhe deu se tornar realidade,,Kenneth Hagin Jr,Graça Editorial,2,2001,46,S,POR,,400
,487,Guerreirinho e o time vencedor,,Godofredo Couto,Rhema Brasil Publicações,1,2022,80,N,POR,,401
,488,O segredo de viver feliz,"Viver feliz não é sem querer, é de propósito",André Martins,Rhema Brasil Publicações,1,2022,186,S,POR,,402
,489,"Crer, querer e obedecer",O passoa a passo para uma vida de prosperidade,Alex Moriá,Cristiano Arcoverde Comunicação e Treinamentos,1,2023,223,S,POR,,403
,490,Uma vida com propósito e qualidade interior,,Dong Yu Lan,Editora Árvore da Vida,3,2023,72,N,POR,,404
,491,A palavra profética na era do Apocalipse,,Pedro Dong,Editora Árvore da Vida,2,2023,96,N,POR,,405
,492,Filho do Hamas,,Mosab Hassan Yousef,Sextante,,2010,288,S,POR,,406
,493,Como ajudar seu filho,A organizar sua desordem mental,Dra. Caroline Leaf,Chara,,2023,240,S,POR,,407
,494,Qualificados,Servindo a Deus com integridade e terminando sua carreira com honra,Tony Cooke,Rhema Brasil Publicações,1,2015,301,S,POR,,408
,495,Apocalipse - O futuro chegou ,As coisas que em breve podem acontecer,Hernandes Dias Lopes,Hagnos,1,2005,408,N,POR,,409
,496,Comandos e Estratégias Espirituais,Entendendo a Unção Profética,Jason Diamantino,Alethos Editorial,1,2025,150,S,POR,,410
,497,,,,,,,,,,,
,498,,,,,,,,,,,
,499,,,,,,,,,,,
,500,,,,,,,,,,,